client_id,client_name,sector,contract_tier,sign_up_date,notes
C0000,Levy PLC,credit,enterprise,2024-11-27,Form race left every determine small radio fish.
C0001,Miller and Sons,credit,standard,2025-02-12,
C0002,Rush-Bryant,retail,standard,2024-08-14,Yourself race single site moment billion article person notice.
C0003,Sanders Ltd,payroll,standard,2024-06-09,
C0004,Bell-Jenkins,services,enterprise,2024-12-09,
C0005,Esparza-Travis,credit,standard,2024-12-15,
C0006,Cox Ltd,retail,basic,2024-02-19,Accept brother student single policy direction blood imagine.
C0007,"Conley, Ramos and Barrett",,,2024-02-01,From well theory team personal.
C0008,Torres-Marquez,credit,basic,2023-10-16,Already place finish price establish box buy body.
C0009,"Higgins, Callahan and Coleman",,premium,2024-02-12,Commercial better up per along adult stuff computer doctor successful just country.
C0010,Sosa-Smith,logistics,basic,2023-12-08,Just experience everybody over imagine continue manager risk election wall build ask answer option ahead trial.
C0011,Jones Inc,credit,enterprise,2024-08-18,Production close need little world land.
C0012,Vincent and Sons,,basic,2025-01-23,Spend special right hospital none address strong.
C0013,Flowers and Sons,unknown,,2024-01-30,Son first magazine pull necessary more international machine word buy rich.
C0014,Byrd-Morales,unknown,enterprise,2024-10-18,
C0015,Horton Inc,credit,enterprise,2024-12-16,Your style wall true fire never hit.
C0016,Parker-Lewis,retail,basic,2025-04-11,
C0017,Krause-Garcia,retail,standard,2024-07-25,
C0018,Smith and Sons,payroll,basic,2023-11-21,Wait bed oil hundred item.
C0019,Whitehead Inc,services,,2023-09-13,Something his analysis sea author left movie country mouth education.
C0020,Bauer-Andrews,payroll,enterprise,2025-05-19,Wish build hit themselves some past chair big.
C0021,"Hayes, Thompson and Jones",,basic,2023-06-19,
C0022,Lee PLC,,premium,2024-05-18,
C0023,Henson Inc,unknown,basic,2024-10-04,Center look common make foot scene share decade education.
C0024,Houston-Cole,payroll,enterprise,2024-06-17,Lead stock appear commercial push up.
C0025,Morrow LLC,unknown,enterprise,2024-04-02,Get note operation south maybe player organization quickly same later if even cell home deal.
C0026,"Leonard, Gonzalez and Anthony",credit,basic,2023-07-27,Page where ask itself party business beautiful.
C0027,Fitzgerald-Brandt,payroll,standard,2023-11-22,Compare firm break use yeah lead process.
C0028,Wolfe LLC,credit,standard,2023-09-21,
C0029,Hancock-Williams,logistics,basic,2025-01-10,Need low stand maintain second.
C0030,Carpenter-Wright,services,,2023-10-06,Deep establish student seek pattern part drop open late focus degree whom something.
C0031,Bean Inc,payroll,basic,2023-07-17,There black building today name accept career.
C0032,Brown-French,credit,enterprise,2023-11-29,Purpose exactly technology leader beautiful move like.
C0033,Lowery-Black,payroll,,2024-01-14,Up score statement from his indeed stock audience produce store.
C0034,Hamilton Inc,logistics,,2025-02-10,
C0035,Wilson-Ferguson,payroll,standard,2024-06-12,
C0036,Thomas and Sons,services,basic,2024-02-26,Growth police ball campaign enough increase ability Mrs marriage will.
C0037,"Mcdaniel, Jones and Huynh",services,enterprise,2024-12-09,Office their well series single wife foreign power physical great best field dark.
C0038,"Bowman, Mack and Trujillo",,basic,2024-11-15,Assume appear hair discover.
C0039,"Andrews, Washington and Hess",payroll,premium,2023-06-18,Experience anything expect use manager item.
C0040,"Vance, Brown and Duncan",,premium,2025-04-28,Public level town store place family room institution Democrat develop beautiful find couple.
C0041,Warren-Ryan,,premium,2024-01-07,Let drop pressure either main actually staff.
C0042,Bennett-Combs,credit,enterprise,2024-06-25,
C0043,"Alvarez, Carson and Kennedy",credit,enterprise,2024-11-30,No nor air treatment.
C0044,"Ho, Chung and Smith",logistics,basic,2025-05-13,Agent book government improve family approach environmental.
C0045,Miller-Arnold,credit,,2025-01-01,Market recently three wish yard too.
C0046,"Hinton, Kim and Walker",services,premium,2025-01-09,Coach per fund everybody by fall would camera room.
C0047,Vargas-Jimenez,unknown,premium,2023-06-21,
C0048,Knight and Sons,,basic,2024-03-17,Morning total understand girl early size cell candidate her college yeah.
C0049,"Payne, Adkins and Brown",payroll,premium,2023-08-20,Capital I they girl get.
C0050,Shepherd-Avila,,basic,2024-03-31,West popular either leader tonight fire individual nation base all.
C0051,"Hart, Hudson and Wallace",unknown,standard,2024-01-30,
C0052,Smith and Sons,services,enterprise,2024-08-22,Bar two rule citizen act cost.
C0053,"Figueroa, Banks and Gray",logistics,premium,2024-05-08,
C0054,Davis Ltd,retail,,2024-05-16,
C0055,Burton PLC,logistics,basic,2023-12-05,
C0056,Duran PLC,,basic,2024-08-29,Couple follow nearly buy bit term.
C0057,"Tucker, Miller and Watson",payroll,standard,2024-04-18,Difference again according fire glass three religious more issue prepare husband window just.
C0058,"Ellis, Brown and Pena",logistics,,2024-11-26,Player throw question down relationship miss matter.
C0059,Deleon-Williams,retail,enterprise,2024-06-05,
